Date , 0
2010-06-29 , 4.4
2010-06-30 , 5.621
2010-07-01 , 5.092
2010-07-02 , 4.61
2010-07-06 , 4
2010-07-07 , 3.303
2010-07-08 , 3.366
2010-07-09 , 3.548
2010-07-12 , 3.602
2010-07-13 , 3.603
2010-07-14 , 3.809
2010-07-15 , 4.144
2010-07-16 , 4.2
2010-07-19 , 4.362
2010-07-20 , 4.37
2010-07-21 , 4.156
2010-07-22 , 4.175
2010-07-23 , 4.275
2010-07-26 , 4.3
2010-07-27 , 4.209
2010-07-28 , 4.145
2010-07-29 , 4.165
2010-07-30 , 4.064
2010-08-02 , 4.147
2010-08-03 , 4.295
2010-08-04 , 4.413
2010-08-05 , 4.309
2010-08-06 , 4.026
2010-08-09 , 3.988
2010-08-10 , 3.93
2010-08-11 , 3.757
2010-08-12 , 3.57
2010-08-13 , 3.663
2010-08-16 , 3.725
2010-08-17 , 3.836
2010-08-18 , 3.918
2010-08-19 , 3.779
2010-08-20 , 3.776
2010-08-23 , 3.948
2010-08-24 , 3.896
2010-08-25 , 3.914
2010-08-26 , 4.016
2010-08-27 , 3.962
2010-08-30 , 3.989
2010-08-31 , 3.945
2010-09-01 , 4.031
2010-09-02 , 4.161
2010-09-03 , 4.217
2010-09-07 , 4.161
2010-09-08 , 4.161
2010-09-09 , 4.205
2010-09-10 , 4.168
2010-09-13 , 4.179
2010-09-14 , 4.214
2010-09-15 , 4.298
2010-09-16 , 4.531
2010-09-17 , 4.234
2010-09-20 , 4.202
2010-09-21 , 4.244
2010-09-22 , 4.182
2010-09-23 , 4.003
2010-09-24 , 4.014
2010-09-27 , 4.121
2010-09-28 , 4.253
2010-09-29 , 4.322
2010-09-30 , 4.415
2010-10-01 , 4.144
2010-10-04 , 4.16
2010-10-05 , 4.243
2010-10-06 , 4.232
2010-10-07 , 4.121
2010-10-08 , 4.122
2010-10-11 , 4.114
2010-10-12 , 4.048
2010-10-13 , 4.149
2010-10-14 , 4.203
2010-10-15 , 4.179
2010-10-18 , 4.116
2010-10-19 , 4.061
2010-10-20 , 4.085
2010-10-21 , 4.156
2010-10-22 , 4.161
2010-10-25 , 4.192
2010-10-26 , 4.267
2010-10-27 , 4.263
2010-10-28 , 4.289
2010-10-29 , 4.299
2010-11-01 , 4.469
2010-11-02 , 4.356
2010-11-03 , 4.378
2010-11-04 , 4.793
2010-11-05 , 4.984
2010-11-08 , 4.95
2010-11-09 , 5.069
2010-11-10 , 5.445
2010-11-11 , 5.77
2010-11-12 , 5.875
2010-11-15 , 6.316
2010-11-16 , 6.24
2010-11-17 , 6.095
2010-11-18 , 6.141
2010-11-19 , 6.153
2010-11-22 , 6.502
2010-11-23 , 6.897
2010-11-24 , 7.124
2010-11-26 , 7.16
2010-11-29 , 7.136
2010-11-30 , 6.907
2010-12-01 , 7.229
2010-12-02 , 6.831
2010-12-03 , 6.426
2010-12-06 , 6.28
2010-12-07 , 6.289
2010-12-08 , 6.497
2010-12-09 , 6.523
2010-12-10 , 6.497
2010-12-13 , 6.341
2010-12-14 , 6.068
2010-12-15 , 5.864
2010-12-16 , 6.091
2010-12-17 , 6.288
2010-12-20 , 6.383
2010-12-21 , 6.449
2010-12-22 , 6.511
2010-12-23 , 6.374
2010-12-27 , 5.66
2010-12-28 , 5.26
2010-12-29 , 5.504
2010-12-30 , 5.56
2010-12-31 , 5.382
2011-01-03 , 5.384
2011-01-04 , 5.361
2011-01-05 , 5.338
2011-01-06 , 5.483
2011-01-07 , 5.658
2011-01-10 , 5.685
2011-01-11 , 5.73
2011-01-12 , 5.441
2011-01-13 , 5.393
2011-01-14 , 5.273
2011-01-18 , 5.112
2011-01-19 , 5.074
2011-01-20 , 4.848
2011-01-21 , 4.671
2011-01-24 , 4.834
2011-01-25 , 4.954
2011-01-26 , 4.959
2011-01-27 , 4.982
2011-01-28 , 4.976
2011-01-31 , 4.817
2011-02-01 , 4.904
2011-02-02 , 4.834
2011-02-03 , 4.772
2011-02-04 , 4.711
2011-02-07 , 4.652
2011-02-08 , 4.903
2011-02-09 , 4.831
2011-02-10 , 4.69
2011-02-11 , 4.7
2011-02-14 , 4.778
2011-02-15 , 4.618
2011-02-16 , 4.807
2011-02-17 , 5.012
2011-02-18 , 4.682
2011-02-22 , 4.588
2011-02-23 , 4.468
2011-02-24 , 4.436
2011-02-25 , 4.666
2011-02-28 , 4.784
2011-03-01 , 4.837
2011-03-02 , 4.81
2011-03-03 , 4.927
2011-03-04 , 4.947
2011-03-07 , 5.033
2011-03-08 , 4.956
2011-03-09 , 4.965
2011-03-10 , 4.893
2011-03-11 , 4.81
2011-03-14 , 4.782
2011-03-15 , 4.516
2011-03-16 , 4.611
2011-03-17 , 4.667
2011-03-18 , 4.638
2011-03-21 , 4.61
2011-03-22 , 4.559
2011-03-23 , 4.438
2011-03-24 , 4.452
2011-03-25 , 4.543
2011-03-28 , 4.624
2011-03-29 , 4.73
2011-03-30 , 4.86
2011-03-31 , 5.526
2011-04-01 , 5.563
2011-04-04 , 5.383
2011-04-05 , 5.29
2011-04-06 , 5.4
2011-04-07 , 5.479
2011-04-08 , 5.518
2011-04-11 , 5.3
2011-04-12 , 5.029
2011-04-13 , 5.082
2011-04-14 , 5.015
2011-04-15 , 5.183
2011-04-18 , 5.075
2011-04-19 , 5.052
2011-04-20 , 5.179
2011-04-21 , 5.283
2011-04-25 , 5.343
2011-04-26 , 5.391
2011-04-27 , 5.429
2011-04-28 , 5.476
2011-04-29 , 5.556
2011-05-02 , 5.54
2011-05-03 , 5.477
2011-05-04 , 5.378
2011-05-05 , 5.464
2011-05-06 , 5.46
2011-05-09 , 5.5
2011-05-10 , 5.719
2011-05-11 , 5.65
2011-05-12 , 5.481
2011-05-13 , 5.619
2011-05-16 , 5.598
2011-05-17 , 5.4
2011-05-18 , 5.257
2011-05-19 , 5.547
2011-05-20 , 5.654
2011-05-23 , 5.524
2011-05-24 , 5.452
2011-05-25 , 5.591
2011-05-26 , 5.858
2011-05-27 , 5.921
2011-05-31 , 5.997
2011-06-01 , 6.01
2011-06-02 , 5.784
2011-06-03 , 6.145
2011-06-06 , 6.023
2011-06-07 , 5.833
2011-06-08 , 5.704
2011-06-09 , 5.553
2011-06-10 , 5.582
2011-06-13 , 5.695
2011-06-14 , 5.824
2011-06-15 , 5.689
2011-06-16 , 5.567
2011-06-17 , 5.457
2011-06-20 , 5.275
2011-06-21 , 5.397
2011-06-22 , 5.562
2011-06-23 , 5.492
2011-06-24 , 5.561
2011-06-27 , 5.601
2011-06-28 , 5.604
2011-06-29 , 5.759
2011-06-30 , 5.783
2011-07-01 , 5.867
2011-07-05 , 5.854
2011-07-06 , 5.828
2011-07-07 , 5.914
2011-07-08 , 5.978
2011-07-11 , 5.693
2011-07-12 , 5.746
2011-07-13 , 5.746
2011-07-14 , 5.749
2011-07-15 , 5.562
2011-07-18 , 5.479
2011-07-19 , 5.569
2011-07-20 , 5.844
2011-07-21 , 5.807
2011-07-22 , 5.824
2011-07-25 , 5.826
2011-07-26 , 5.708
2011-07-27 , 5.7
2011-07-28 , 5.615
2011-07-29 , 5.62
2011-08-01 , 5.765
2011-08-02 , 5.789
2011-08-03 , 5.533
2011-08-04 , 5.34
2011-08-05 , 5.037
2011-08-08 , 4.754
2011-08-09 , 4.96
2011-08-10 , 5.088
2011-08-11 , 4.979
2011-08-12 , 5.274
2011-08-15 , 5.337
2011-08-16 , 5.267
2011-08-17 , 5.304
2011-08-18 , 5.015
2011-08-19 , 4.808
2011-08-22 , 4.691
2011-08-23 , 4.504
2011-08-24 , 4.703
2011-08-25 , 4.774
2011-08-26 , 4.666
2011-08-29 , 4.907
2011-08-30 , 4.927
2011-08-31 , 5.03
2011-09-01 , 4.953
2011-09-02 , 4.765
2011-09-06 , 4.57
2011-09-07 , 4.739
2011-09-08 , 4.761
2011-09-09 , 4.694
2011-09-12 , 4.581
2011-09-13 , 4.711
2011-09-14 , 4.909
2011-09-15 , 4.951
2011-09-16 , 5.062
2011-09-19 , 5.076
2011-09-20 , 5.258
2011-09-21 , 5.29
2011-09-22 , 5.175
2011-09-23 , 5.211
2011-09-26 , 5.304
2011-09-27 , 5.299
2011-09-28 , 5.25
2011-09-29 , 5.154
2011-09-30 , 4.969
2011-10-03 , 4.995
2011-10-04 , 4.761
2011-10-05 , 4.987
2011-10-06 , 5.297
2011-10-07 , 5.458
2011-10-10 , 5.549
2011-10-11 , 5.528
2011-10-12 , 5.525
2011-10-13 , 5.61
2011-10-14 , 5.655
2011-10-17 , 5.586
2011-10-18 , 5.573
2011-10-19 , 5.608
2011-10-20 , 5.491
2011-10-21 , 5.57
2011-10-24 , 5.676
2011-10-25 , 5.709
2011-10-26 , 5.656
2011-10-27 , 5.729
2011-10-28 , 5.85
2011-10-31 , 5.901
2011-11-01 , 5.731
2011-11-02 , 5.826
2011-11-03 , 6.249
2011-11-04 , 6.386
2011-11-07 , 6.364
2011-11-08 , 6.337
2011-11-09 , 6.236
2011-11-10 , 6.244
2011-11-11 , 6.64
2011-11-14 , 6.654
2011-11-15 , 6.732
2011-11-16 , 6.848
2011-11-17 , 6.94
2011-11-18 , 6.775
2011-11-21 , 6.488
2011-11-22 , 6.455
2011-11-23 , 6.381
2011-11-25 , 6.396
2011-11-28 , 6.528
2011-11-29 , 6.556
2011-11-30 , 6.543
2011-12-01 , 6.656
2011-12-02 , 6.652
2011-12-05 , 6.853
2011-12-06 , 6.918
2011-12-07 , 6.952
2011-12-08 , 6.249
2011-12-09 , 6.166
2011-12-12 , 6.106
2011-12-13 , 6.15
2011-12-14 , 5.918
2011-12-15 , 5.784
2011-12-16 , 5.772
2011-12-19 , 5.659
2011-12-20 , 5.65
2011-12-21 , 5.598
2011-12-22 , 5.565
2011-12-23 , 5.6
2011-12-27 , 5.643
2011-12-28 , 5.823
2011-12-29 , 5.793
2011-12-30 , 5.747
2012-01-03 , 5.844
2012-01-04 , 5.688
2012-01-05 , 5.569
2012-01-06 , 5.499
2012-01-09 , 5.449
2012-01-10 , 5.52
2012-01-11 , 5.6
2012-01-12 , 5.71
2012-01-13 , 5.69
2012-01-17 , 5.396
2012-01-18 , 5.357
2012-01-19 , 5.493
2012-01-20 , 5.39
2012-01-23 , 5.402
2012-01-24 , 5.431
2012-01-25 , 5.528
2012-01-26 , 5.765
2012-01-27 , 5.822
2012-01-30 , 5.91
2012-01-31 , 5.99
2012-02-01 , 5.877
2012-02-02 , 6.06
2012-02-03 , 6.174
2012-02-06 , 6.3
2012-02-07 , 6.36
2012-02-08 , 6.361
2012-02-09 , 6.49
2012-02-10 , 6.453
2012-02-13 , 6.361
2012-02-14 , 6.553
2012-02-15 , 6.751
2012-02-16 , 6.801
2012-02-17 , 6.896
2012-02-21 , 6.974
2012-02-22 , 6.922
2012-02-23 , 6.896
2012-02-24 , 6.875
2012-02-27 , 6.741
2012-02-28 , 6.808
2012-02-29 , 6.793
2012-03-01 , 6.801
2012-03-02 , 6.89
2012-03-05 , 6.875
2012-03-06 , 6.653
2012-03-07 , 6.643
2012-03-08 , 6.66
2012-03-09 , 6.851
2012-03-12 , 7.098
2012-03-13 , 7.31
2012-03-14 , 7.2
2012-03-15 , 7.076
2012-03-16 , 7.079
2012-03-19 , 7.058
2012-03-20 , 7.018
2012-03-21 , 7.024
2012-03-22 , 7.012
2012-03-23 , 6.889
2012-03-26 , 7.368
2012-03-27 , 7.711
2012-03-28 , 7.622
2012-03-29 , 7.638
2012-03-30 , 7.546
2012-04-02 , 7.53
2012-04-03 , 7.517
2012-04-04 , 7.076
2012-04-05 , 7.054
2012-04-09 , 6.839
2012-04-10 , 6.7
2012-04-11 , 6.653
2012-04-12 , 6.825
2012-04-13 , 6.798
2012-04-16 , 6.711
2012-04-17 , 6.55
2012-04-18 , 6.484
2012-04-19 , 6.618
2012-04-20 , 6.687
2012-04-23 , 6.583
2012-04-24 , 6.402
2012-04-25 , 6.506
2012-04-26 , 6.648
2012-04-27 , 6.723
2012-04-30 , 6.663
2012-05-01 , 6.734
2012-05-02 , 6.789
2012-05-03 , 6.791
2012-05-04 , 6.478
2012-05-07 , 6.454
2012-05-08 , 6.523
2012-05-09 , 6.107
2012-05-10 , 6.765
2012-05-11 , 6.593
2012-05-14 , 6.405
2012-05-15 , 6.122
2012-05-16 , 5.976
2012-05-17 , 5.909
2012-05-18 , 5.683
2012-05-21 , 5.684
2012-05-22 , 6.144
2012-05-23 , 6.161
2012-05-24 , 6.25
2012-05-25 , 6.057
2012-05-29 , 6.194
2012-05-30 , 6.25
2012-05-31 , 6.036
2012-06-01 , 5.769
2012-06-04 , 5.644
2012-06-05 , 5.623
2012-06-06 , 5.765
2012-06-07 , 5.968
2012-06-08 , 5.905
2012-06-11 , 6.131
2012-06-12 , 5.907
2012-06-13 , 6.019
2012-06-14 , 6.083
2012-06-15 , 5.934
2012-06-18 , 6.227
2012-06-19 , 6.468
2012-06-20 , 6.8
2012-06-21 , 6.854
2012-06-22 , 6.658
2012-06-25 , 6.806
2012-06-26 , 6.44
2012-06-27 , 6.435
2012-06-28 , 6.401
2012-06-29 , 6.56
2012-07-02 , 6.315
2012-07-03 , 6.16
2012-07-05 , 6.248
2012-07-06 , 6.272
2012-07-09 , 6.277
2012-07-10 , 6.402
2012-07-11 , 6.325
2012-07-12 , 6.43
2012-07-13 , 6.737
2012-07-16 , 7.032
2012-07-17 , 7.021
2012-07-18 , 6.509
2012-07-19 , 6.587
2012-07-20 , 6.432
2012-07-23 , 6.235
2012-07-24 , 6.17
2012-07-25 , 5.99
2012-07-26 , 5.99
2012-07-27 , 5.837
2012-07-30 , 5.976
2012-07-31 , 5.551
2012-08-01 , 5.598
2012-08-02 , 5.369
2012-08-03 , 5.445
2012-08-06 , 5.625
2012-08-07 , 5.967
2012-08-08 , 5.99
2012-08-09 , 5.952
2012-08-10 , 5.925
2012-08-13 , 6.099
2012-08-14 , 6.192
2012-08-15 , 5.909
2012-08-16 , 5.992
2012-08-17 , 6.1
2012-08-20 , 6.054
2012-08-21 , 5.958
2012-08-22 , 5.905
2012-08-23 , 6.085
2012-08-24 , 6.03
2012-08-27 , 5.927
2012-08-28 , 5.778
2012-08-29 , 5.713
2012-08-30 , 5.734
2012-08-31 , 5.745
2012-09-04 , 5.751
2012-09-05 , 5.651
2012-09-06 , 5.69
2012-09-07 , 5.812
2012-09-10 , 5.855
2012-09-11 , 5.592
2012-09-12 , 5.648
2012-09-13 , 5.807
2012-09-14 , 6.065
2012-09-17 , 6.513
2012-09-18 , 6.378
2012-09-19 , 6.274
2012-09-20 , 6.243
2012-09-21 , 6.259
2012-09-24 , 6.054
2012-09-25 , 5.81
2012-09-26 , 5.606
2012-09-27 , 5.636
2012-09-28 , 5.862
2012-10-01 , 5.939
2012-10-02 , 5.917
2012-10-03 , 5.97
2012-10-04 , 6.01
2012-10-05 , 5.951
2012-10-08 , 5.826
2012-10-09 , 5.824
2012-10-10 , 5.711
2012-10-11 , 5.792
2012-10-12 , 5.705
2012-10-15 , 5.607
2012-10-16 , 5.576
2012-10-17 , 5.709
2012-10-18 , 5.798
2012-10-19 , 5.603
2012-10-22 , 5.599
2012-10-23 , 5.594
2012-10-24 , 5.704
2012-10-25 , 5.56
2012-10-26 , 5.533
2012-10-31 , 5.605
2012-11-01 , 5.774
2012-11-02 , 5.882
2012-11-05 , 6.138
2012-11-06 , 6.181
2012-11-07 , 6.305
2012-11-08 , 6.289
2012-11-09 , 6.153
2012-11-12 , 6.171
2012-11-13 , 6.329
2012-11-14 , 6.408
2012-11-15 , 6.274
2012-11-16 , 6.315
2012-11-19 , 6.532
2012-11-20 , 6.59
2012-11-21 , 6.608
2012-11-23 , 6.543
2012-11-26 , 6.44
2012-11-27 , 6.479
2012-11-28 , 6.629
2012-11-29 , 6.744
2012-11-30 , 6.791
2012-12-03 , 6.889
2012-12-04 , 6.888
2012-12-05 , 6.801
2012-12-06 , 6.862
2012-12-07 , 6.879
2012-12-10 , 6.923
2012-12-11 , 7.01
2012-12-12 , 7.101
2012-12-13 , 7.056
2012-12-14 , 6.818
2012-12-17 , 6.827
2012-12-18 , 6.933
2012-12-19 , 7.001
2012-12-20 , 6.93
2012-12-21 , 6.811
2012-12-24 , 6.799
2012-12-26 , 6.846
2012-12-27 , 6.741
2012-12-28 , 6.703
2012-12-31 , 6.697
2013-01-02 , 7.045
2013-01-03 , 7.063
2013-01-04 , 6.96
2013-01-07 , 6.96
2013-01-08 , 6.9
2013-01-09 , 6.82
2013-01-10 , 6.786
2013-01-11 , 6.808
2013-01-14 , 6.646
2013-01-15 , 6.736
2013-01-16 , 6.808
2013-01-17 , 6.901
2013-01-18 , 6.952
2013-01-22 , 7.011
2013-01-23 , 7.126
2013-01-24 , 7.372
2013-01-25 , 7.454
2013-01-28 , 7.557
2013-01-29 , 7.654
2013-01-30 , 7.585
2013-01-31 , 7.574
2013-02-01 , 7.667
2013-02-04 , 7.682
2013-02-05 , 7.665
2013-02-06 , 7.757
2013-02-07 , 7.887
2013-02-08 , 7.945
2013-02-11 , 7.713
2013-02-12 , 7.732
2013-02-13 , 7.73
2013-02-14 , 7.739
2013-02-15 , 7.701
2013-02-19 , 7.665
2013-02-20 , 7.895
2013-02-21 , 7.388
2013-02-22 , 7.211
2013-02-25 , 7.29
2013-02-26 , 6.942
2013-02-27 , 6.982
2013-02-28 , 7.199
2013-03-01 , 7.008
2013-03-04 , 7.06
2013-03-05 , 7.292
2013-03-06 , 7.489
2013-03-07 , 7.638
2013-03-08 , 7.75
2013-03-11 , 7.831
2013-03-12 , 7.828
2013-03-13 , 7.849
2013-03-14 , 7.781
2013-03-15 , 7.329
2013-03-18 , 7.136
2013-03-19 , 7.085
2013-03-20 , 7.133
2013-03-21 , 7.301
2013-03-22 , 7.3
2013-03-25 , 7.562
2013-03-26 , 7.62
2013-03-27 , 7.632
2013-03-28 , 7.647
2013-04-01 , 8.904
2013-04-02 , 8.91
2013-04-03 , 8.657
2013-04-04 , 8.336
2013-04-05 , 8.4
2013-04-08 , 8.452
2013-04-09 , 8.363
2013-04-10 , 8.271
2013-04-11 , 8.661
2013-04-12 , 8.839
2013-04-15 , 8.73
2013-04-16 , 9.033
2013-04-17 , 9.145
2013-04-18 , 9.358
2013-04-19 , 9.734
2013-04-22 , 9.88
2013-04-23 , 10.392
2013-04-24 , 10.195
2013-04-25 , 10.29
2013-04-26 , 10.687
2013-04-29 , 10.675
2013-04-30 , 11.418
2013-05-01 , 11.198
2013-05-02 , 10.912
2013-05-03 , 11.294
2013-05-06 , 11.605
2013-05-07 , 12.437
2013-05-08 , 11.57
2013-05-09 , 14.589
2013-05-10 , 15.065
2013-05-13 , 16.899
2013-05-14 , 19.134
2013-05-15 , 16.868
2013-05-16 , 18.97
2013-05-17 , 18.694
2013-05-20 , 18.362
2013-05-21 , 17.849
2013-05-22 , 17.733
2013-05-23 , 17.782
2013-05-24 , 19.055
2013-05-28 , 21.23
2013-05-29 , 22.845
2013-05-30 , 21.2
2013-05-31 , 21.27
2013-06-03 , 19.524
2013-06-04 , 18.917
2013-06-05 , 19.163
2013-06-06 , 19.452
2013-06-07 , 20.09
2013-06-10 , 20.145
2013-06-11 , 19.686
2013-06-12 , 19.728
2013-06-13 , 19.828
2013-06-14 , 20.252
2013-06-17 , 20.835
2013-06-18 , 20.573
2013-06-19 , 20.873
2013-06-20 , 21.178
2013-06-21 , 20.74
2013-06-24 , 19.937
2013-06-25 , 20.73
2013-06-26 , 20.967
2013-06-27 , 21.7
2013-06-28 , 21.801
2013-07-01 , 22.713
2013-07-02 , 24.014
2013-07-03 , 23.725
2013-07-05 , 23.86
2013-07-08 , 24.355
2013-07-09 , 24.996
2013-07-10 , 24.644
2013-07-11 , 25.097
2013-07-12 , 25.544
2013-07-15 , 26.629
2013-07-16 , 25.26
2013-07-17 , 22.814
2013-07-18 , 24.37
2013-07-19 , 23.905
2013-07-22 , 24.657
2013-07-23 , 24.956
2013-07-24 , 24.897
2013-07-25 , 24.515
2013-07-26 , 25.882
2013-07-29 , 26.469
2013-07-30 , 27.229
2013-07-31 , 26.754
2013-08-01 , 27.152
2013-08-02 , 27.284
2013-08-05 , 28.49
2013-08-06 , 29.048
2013-08-07 , 28.384
2013-08-08 , 31.323
2013-08-09 , 30.835
2013-08-12 , 29.993
2013-08-13 , 29.934
2013-08-14 , 28.756
2013-08-15 , 28.003
2013-08-16 , 28.554
2013-08-19 , 29.081
2013-08-20 , 29.843
2013-08-21 , 30.031
2013-08-22 , 30.67
2013-08-23 , 31.93
2013-08-26 , 33.815
2013-08-27 , 33.11
2013-08-28 , 34.056
2013-08-29 , 33.197
2013-08-30 , 33.558
2013-09-03 , 34.71
2013-09-04 , 34.139
2013-09-05 , 34.16
2013-09-06 , 33.827
2013-09-09 , 32.762
2013-09-10 , 32.895
2013-09-11 , 33.431
2013-09-12 , 33.076
2013-09-13 , 32.914
2013-09-16 , 33.885
2013-09-17 , 33.35
2013-09-18 , 33.452
2013-09-19 , 35.127
2013-09-20 , 36.473
2013-09-23 , 36.996
2013-09-24 , 36.41
2013-09-25 , 36.986
2013-09-26 , 37.638
2013-09-27 , 37.88
2013-09-30 , 38.35
2013-10-01 , 38.819
2013-10-02 , 38.042
2013-10-03 , 35.474
2013-10-04 , 35.758
2013-10-07 , 36.919
2013-10-08 , 37.033
2013-10-09 , 34.972
2013-10-10 , 34.884
2013-10-11 , 35.204
2013-10-14 , 35.75
2013-10-15 , 37.407
2013-10-16 , 37.22
2013-10-17 , 36.834
2013-10-18 , 37.011
2013-10-21 , 36.667
2013-10-22 , 34.828
2013-10-23 , 34.072
2013-10-24 , 33.95
2013-10-25 , 34.871
2013-10-28 , 34.068
2013-10-29 , 32.821
2013-10-30 , 33.231
2013-10-31 , 31.811
2013-11-01 , 32.89
2013-11-04 , 34.039
2013-11-05 , 36.143
2013-11-06 , 31.554
2013-11-07 , 28.984
2013-11-08 , 27.708
2013-11-11 , 28.642
2013-11-12 , 28.939
2013-11-13 , 28.321
2013-11-14 , 27.932
2013-11-15 , 27.48
2013-11-18 , 27.072
2013-11-19 , 24.843
2013-11-20 , 25.353
2013-11-21 , 24.768
2013-11-22 , 24.433
2013-11-25 , 25.034
2013-11-26 , 24.21
2013-11-27 , 24.826
2013-11-29 , 26.036
2013-12-02 , 25.49
2013-12-03 , 27.762
2013-12-04 , 28.875
2013-12-05 , 28.35
2013-12-06 , 28.4
2013-12-09 , 27.87
2013-12-10 , 28.592
2013-12-11 , 28.493
2013-12-12 , 28.794
2013-12-13 , 29.985
2013-12-16 , 29.891
2013-12-17 , 30.221
2013-12-18 , 30.714
2013-12-19 , 29.39
2013-12-20 , 28.593
2013-12-23 , 29.109
2013-12-24 , 30.497
2013-12-26 , 31.304
2013-12-27 , 31.08
2013-12-30 , 30.593
2013-12-31 , 30.552
2014-01-02 , 30.228
2014-01-03 , 30.219
2014-01-06 , 30.04
2014-01-07 , 29.802
2014-01-08 , 30.255
2014-01-09 , 30.593
2014-01-10 , 29.736
2014-01-13 , 29.278
2014-01-14 , 30.25
2014-01-15 , 34.068
2014-01-16 , 33.52
2014-01-17 , 34.339
2014-01-21 , 34.853
2014-01-22 , 35.813
2014-01-23 , 35.961
2014-01-24 , 35.833
2014-01-27 , 35.308
2014-01-28 , 35.048
2014-01-29 , 35.439
2014-01-30 , 36.278
2014-01-31 , 36.485
2014-02-03 , 36.777
2014-02-04 , 36.23
2014-02-05 , 35.889
2014-02-06 , 35.641
2014-02-07 , 36.764
2014-02-10 , 38.864
2014-02-11 , 40.117
2014-02-12 , 39.405
2014-02-13 , 39.606
2014-02-14 , 39.998
2014-02-18 , 41.124
2014-02-19 , 40.74
2014-02-20 , 43.022
2014-02-21 , 42.562
2014-02-24 , 42.712
2014-02-25 , 48.92
2014-02-26 , 52.358
2014-02-27 , 52.315
2014-02-28 , 50.233
2014-03-03 , 48.891
2014-03-04 , 51.848
2014-03-05 , 51.371
2014-03-06 , 51.164
2014-03-07 , 50.779
2014-03-10 , 48.57
2014-03-11 , 48.11
2014-03-12 , 47.9
2014-03-13 , 48.798
2014-03-14 , 47.223
2014-03-17 , 47.288
2014-03-18 , 47.845
2014-03-19 , 48.294
2014-03-20 , 47.541
2014-03-21 , 47.222
2014-03-24 , 45.965
2014-03-25 , 45.119
2014-03-26 , 44.455
2014-03-27 , 42.597
2014-03-28 , 42.952
2014-03-31 , 43.325
2014-04-01 , 42.718
2014-04-02 , 45.089
2014-04-03 , 46.603
2014-04-04 , 45.428
2014-04-07 , 42.201
2014-04-08 , 42.654
2014-04-09 , 43.521
2014-04-10 , 43.432
2014-04-11 , 40.761
2014-04-14 , 41.604
2014-04-15 , 39.838
2014-04-16 , 39.699
2014-04-17 , 40.19
2014-04-21 , 40.328
2014-04-22 , 42.569
2014-04-23 , 43.307
2014-04-24 , 42.361
2014-04-25 , 40.87
2014-04-28 , 40.379
2014-04-29 , 40.536
2014-04-30 , 41.176
2014-05-01 , 42.11
2014-05-02 , 41.996
2014-05-05 , 42.717
2014-05-06 , 43.526
2014-05-07 , 41.984
2014-05-08 , 37.64
2014-05-09 , 36.326
2014-05-12 , 37.106
2014-05-13 , 37.51
2014-05-14 , 38.243
2014-05-15 , 38.264
2014-05-16 , 38.099
2014-05-19 , 38.761
2014-05-20 , 39.627
2014-05-21 , 39.605
2014-05-22 , 40.723
2014-05-23 , 41.229
2014-05-27 , 42.239
2014-05-28 , 42.279
2014-05-29 , 42.306
2014-05-30 , 42.51
2014-06-02 , 41.668
2014-06-03 , 41.149
2014-06-04 , 41.061
2014-06-05 , 41.367
2014-06-06 , 42.056
2014-06-09 , 41.794
2014-06-10 , 41.14
2014-06-11 , 40.65
2014-06-12 , 41.498
2014-06-13 , 41.157
2014-06-16 , 43.225
2014-06-17 , 45.965
2014-06-18 , 46.321
2014-06-19 , 46.419
2014-06-20 , 45.981
2014-06-23 , 46.85
2014-06-24 , 48.085
2014-06-25 , 47.06
2014-06-26 , 47.757
2014-06-27 , 47.469
2014-06-30 , 48.404
2014-07-01 , 48.59
2014-07-02 , 48.299
2014-07-03 , 46.319
2014-07-07 , 45.728
2014-07-08 , 43.961
2014-07-09 , 44.549
2014-07-10 , 43.94
2014-07-11 , 44.221
2014-07-14 , 44.878
2014-07-15 , 45.438
2014-07-16 , 44.662
2014-07-17 , 43.671
2014-07-18 , 43.716
2014-07-21 , 44.046
2014-07-22 , 44.549
2014-07-23 , 44.476
2014-07-24 , 44.835
2014-07-25 , 44.969
2014-07-28 , 45.625
2014-07-29 , 45.491
2014-07-30 , 45.152
2014-07-31 , 46.066
2014-08-01 , 46.359
2014-08-04 , 47.488
2014-08-05 , 48.046
2014-08-06 , 49.032
2014-08-07 , 50.681
2014-08-08 , 50.292
2014-08-11 , 51.922
2014-08-12 , 51.838
2014-08-13 , 52.765
2014-08-14 , 52.549
2014-08-15 , 52.357
2014-08-18 , 53.051
2014-08-19 , 51.82
2014-08-20 , 51.341
2014-08-21 , 51.532
2014-08-22 , 51.149
2014-08-25 , 52.187
2014-08-26 , 53.048
2014-08-27 , 52.774
2014-08-28 , 52.637
2014-08-29 , 54.07
2014-09-02 , 56.039
2014-09-03 , 57.567
2014-09-04 , 57.543
2014-09-05 , 56.545
2014-09-08 , 56.25
2014-09-09 , 56.848
2014-09-10 , 56.091
2014-09-11 , 56.525
2014-09-12 , 56.289
2014-09-15 , 54.877
2014-09-16 , 51.761
2014-09-17 , 52.711
2014-09-18 , 52.896
2014-09-19 , 51.942
2014-09-22 , 51.102
2014-09-23 , 49.902
2014-09-24 , 50.396
2014-09-25 , 50.748
2014-09-26 , 49.798
2014-09-29 , 49.264
2014-09-30 , 49.457
2014-10-01 , 48.486
2014-10-02 , 50.299
2014-10-03 , 50.956
2014-10-06 , 52.162
2014-10-07 , 51.999
2014-10-08 , 52.298
2014-10-09 , 52.779
2014-10-10 , 49.053
2014-10-13 , 47.753
2014-10-14 , 46.072
2014-10-15 , 45.099
2014-10-16 , 44.964
2014-10-17 , 46.815
2014-10-20 , 45.912
2014-10-21 , 46.966
2014-10-22 , 47.058
2014-10-23 , 47.094
2014-10-24 , 47.407
2014-10-27 , 46.886
2014-10-28 , 47.42
2014-10-29 , 48.263
2014-10-30 , 47.864
2014-10-31 , 48.563
2014-11-03 , 49.056
2014-11-04 , 48.284
2014-11-05 , 48.236
2014-11-06 , 48.118
2014-11-07 , 48.503
2014-11-10 , 48.199
2014-11-11 , 49.437
2014-11-12 , 50.206
2014-11-13 , 50.637
2014-11-14 , 50.885
2014-11-17 , 51.649
2014-11-18 , 51.585
2014-11-19 , 50.249
2014-11-20 , 49.888
2014-11-21 , 50.499
2014-11-24 , 49.28
2014-11-25 , 49.707
2014-11-26 , 49.734
2014-11-28 , 49.204
2014-12-01 , 48.363
2014-12-02 , 46.945
2014-12-03 , 45.597
2014-12-04 , 45.95
2014-12-05 , 45.806
2014-12-08 , 44.64
2014-12-09 , 42.707
2014-12-10 , 43.09
2014-12-11 , 42.596
2014-12-12 , 41.65
2014-12-15 , 41.909
2014-12-16 , 40.457
2014-12-17 , 39.971
2014-12-18 , 43.082
2014-12-19 , 44.059
2014-12-22 , 44.406
2014-12-23 , 44.813
2014-12-24 , 44.227
2014-12-26 , 45.001
2014-12-29 , 45.481
2014-12-30 , 44.964
2014-12-31 , 44.877
2015-01-02 , 44.612
2015-01-05 , 43.105
2015-01-06 , 42.426
2015-01-07 , 42.813
2015-01-08 , 42.661
2015-01-09 , 41.89
2015-01-12 , 40.752
2015-01-13 , 41.093
2015-01-14 , 38.103
2015-01-15 , 39.024
2015-01-16 , 38.519
2015-01-20 , 38.799
2015-01-21 , 38.823
2015-01-22 , 40.024
2015-01-23 , 40.379
2015-01-26 , 41.045
2015-01-27 , 41.245
2015-01-28 , 41.248
2015-01-29 , 40.705
2015-01-30 , 41.143
2015-02-02 , 41.592
2015-02-03 , 43.359
2015-02-04 , 43.977
2015-02-05 , 44.536
2015-02-06 , 44.54
2015-02-09 , 43.331
2015-02-10 , 43.805
2015-02-11 , 42.695
2015-02-12 , 39.666
2015-02-13 , 40.889
2015-02-17 , 41.14
2015-02-18 , 41.034
2015-02-19 , 41.744
2015-02-20 , 42.838
2015-02-23 , 43.386
2015-02-24 , 41.458
2015-02-25 , 41.208
2015-02-26 , 41.509
2015-02-27 , 41.545
2015-03-02 , 40.604
2015-03-03 , 39.705
2015-03-04 , 40.177
2015-03-05 , 40.904
2015-03-06 , 39.996
2015-03-09 , 38.888
2015-03-10 , 38.196
2015-03-11 , 38.733
2015-03-12 , 38.82
2015-03-13 , 38.07
2015-03-16 , 38.791
2015-03-17 , 39.414
2015-03-18 , 39.584
2015-03-19 , 40.659
2015-03-20 , 39.644
2015-03-23 , 39.9
2015-03-24 , 40.537
2015-03-25 , 39.686
2015-03-26 , 38.871
2015-03-27 , 37.836
2015-03-30 , 37.81
2015-03-31 , 38.729
2015-04-01 , 38.1
2015-04-02 , 38.346
2015-04-06 , 40.575
2015-04-07 , 40.757
2015-04-08 , 41.91
2015-04-09 , 41.88
2015-04-10 , 42.15
2015-04-13 , 42.344
2015-04-14 , 41.806
2015-04-15 , 41.705
2015-04-16 , 41.687
2015-04-17 , 41.187
2015-04-20 , 41.463
2015-04-21 , 41.655
2015-04-22 , 43.438
2015-04-23 , 43.975
2015-04-24 , 44.13
2015-04-27 , 46.131
2015-04-28 , 47.025
2015-04-29 , 46.502
2015-04-30 , 46.328
2015-05-01 , 46.171
2015-05-04 , 46.291
2015-05-05 , 47.726
2015-05-06 , 46.857
2015-05-07 , 45.848
2015-05-08 , 47.44
2015-05-11 , 47.917
2015-05-12 , 48.646
2015-05-13 , 49.591
2015-05-14 , 48.971
2015-05-15 , 49.333
2015-05-18 , 49.69
2015-05-19 , 49.943
2015-05-20 , 49.487
2015-05-21 , 48.965
2015-05-22 , 49.398
2015-05-26 , 49.968
2015-05-27 , 49.801
2015-05-28 , 49.883
2015-05-29 , 50.387
2015-06-01 , 50.301
2015-06-02 , 49.832
2015-06-03 , 49.892
2015-06-04 , 49.68
2015-06-05 , 49.57
2015-06-08 , 50.96
2015-06-09 , 51.314
2015-06-10 , 50.59
2015-06-11 , 50.763
2015-06-12 , 50.367
2015-06-15 , 50.098
2015-06-16 , 50.357
2015-06-17 , 51.653
2015-06-18 , 52.546
2015-06-19 , 52.62
2015-06-22 , 52.655
2015-06-23 , 52.832
2015-06-24 , 53.433
2015-06-25 , 53.786
2015-06-26 , 53.8
2015-06-29 , 52.79
2015-06-30 , 53.572
2015-07-01 , 54.373
2015-07-02 , 56.265
2015-07-06 , 56.057
2015-07-07 , 55.02
2015-07-08 , 52.012
2015-07-09 , 52.203
2015-07-10 , 52.522
2015-07-13 , 52.48
2015-07-14 , 52.809
2015-07-15 , 53.423
2015-07-16 , 53.142
2015-07-17 , 54.804
2015-07-20 , 56.165
2015-07-21 , 54.355
2015-07-22 , 53.071
2015-07-23 , 53.955
2015-07-24 , 53.847
2015-07-27 , 52.686
2015-07-28 , 52.115
2015-07-29 , 53.216
2015-07-30 , 52.963
2015-07-31 , 53.696
2015-08-03 , 53.3
2015-08-04 , 52.673
2015-08-05 , 53.458
2015-08-06 , 50.454
2015-08-07 , 48.731
2015-08-10 , 48.112
2015-08-11 , 47.645
2015-08-12 , 47.477
2015-08-13 , 48.634
2015-08-14 , 49.517
2015-08-17 , 51.215
2015-08-18 , 51.633
2015-08-19 , 52.098
2015-08-20 , 50.662
2015-08-21 , 47.98
2015-08-24 , 43.419
2015-08-25 , 46.142
2015-08-26 , 45.593
2015-08-27 , 47.575
2015-08-28 , 49.331
2015-08-31 , 50.057
2015-09-01 , 48.634
2015-09-02 , 49.318
2015-09-03 , 50.414
2015-09-04 , 48.498
2015-09-08 , 49.421
2015-09-09 , 50.63
2015-09-10 , 49.795
2015-09-11 , 49.788
2015-09-14 , 50.535
2015-09-15 , 50.735
2015-09-16 , 51.592
2015-09-17 , 52.946
2015-09-18 , 52.178
2015-09-21 , 53.555
2015-09-22 , 52.168
2015-09-23 , 52.403
2015-09-24 , 52.298
2015-09-25 , 53.352
2015-09-28 , 51.714
2015-09-29 , 50.519
2015-09-30 , 50.44
2015-10-01 , 49.601
2015-10-02 , 48.33
2015-10-05 , 49.868
2015-10-06 , 48.303
2015-10-07 , 47.433
2015-10-08 , 46.08
2015-10-09 , 44.53
2015-10-12 , 44.599
2015-10-13 , 43.58
2015-10-14 , 44.162
2015-10-15 , 43.816
2015-10-16 , 45.352
2015-10-19 , 45.765
2015-10-20 , 45.632
2015-10-21 , 42.68
2015-10-22 , 42.731
2015-10-23 , 43.035
2015-10-26 , 42.726
2015-10-27 , 43.194
2015-10-28 , 42.476
2015-10-29 , 42.55
2015-10-30 , 42.203
2015-11-02 , 42.472
2015-11-03 , 42.829
2015-11-04 , 45.974
2015-11-05 , 46.516
2015-11-06 , 46.406
2015-11-09 , 46.598
2015-11-10 , 44.718
2015-11-11 , 43.725
2015-11-12 , 43.685
2015-11-13 , 42.594
2015-11-16 , 42.107
2015-11-17 , 43.12
2015-11-18 , 43.588
2015-11-19 , 44.673
2015-11-20 , 44.849
2015-11-23 , 43.653
2015-11-24 , 43.637
2015-11-25 , 45.217
2015-11-27 , 46.331
2015-11-30 , 46.607
2015-12-01 , 46.906
2015-12-02 , 47.56
2015-12-03 , 47.293
2015-12-04 , 46.573
2015-12-07 , 46.333
2015-12-08 , 45.632
2015-12-09 , 45.42
2015-12-10 , 45.32
2015-12-11 , 45.099
2015-12-14 , 43.843
2015-12-15 , 44.404
2015-12-16 , 45.698
2015-12-17 , 47.17
2015-12-18 , 46.879
2015-12-21 , 46.752
2015-12-22 , 47.154
2015-12-23 , 46.563
2015-12-24 , 46.244
2015-12-28 , 46.347
2015-12-29 , 46.778
2015-12-30 , 48.023
2015-12-31 , 48.196
2016-01-04 , 46.21
2016-01-05 , 45.325
2016-01-06 , 44.005
2016-01-07 , 43.263
2016-01-08 , 43.83
2016-01-11 , 42.846
2016-01-12 , 42.534
2016-01-13 , 42.466
2016-01-14 , 41.221
2016-01-15 , 40.404
2016-01-19 , 41.918
2016-01-20 , 40.068
2016-01-21 , 40.478
2016-01-22 , 41.03
2016-01-25 , 40.363
2016-01-26 , 39.452
2016-01-27 , 38.564
2016-01-28 , 38.207
2016-01-29 , 38.369
2016-02-01 , 38.828
2016-02-02 , 38.554
2016-02-03 , 36.753
2016-02-04 , 34.668
2016-02-05 , 34.43
2016-02-08 , 31.425
2016-02-09 , 30.211
2016-02-10 , 30.547
2016-02-11 , 31.526
2016-02-12 , 31.201
2016-02-16 , 32.165
2016-02-17 , 32.834
2016-02-18 , 34.537
2016-02-19 , 33.115
2016-02-22 , 34.903
2016-02-23 , 35.789
2016-02-24 , 35.225
2016-02-25 , 36.717
2016-02-26 , 38.07
2016-02-29 , 38.875
2016-03-01 , 39.02
2016-03-02 , 37.225
2016-03-03 , 38.57
2016-03-04 , 40.203
2016-03-07 , 40.738
2016-03-08 , 41.1
2016-03-09 , 41.389
2016-03-10 , 42.329
2016-03-11 , 41.735
2016-03-14 , 42.937
2016-03-15 , 43.324
2016-03-16 , 44.058
2016-03-17 , 44.997
2016-03-18 , 46.358
2016-03-21 , 47.522
2016-03-22 , 47.62
2016-03-23 , 46.71
2016-03-24 , 44.467
2016-03-28 , 46.642
2016-03-29 , 46.227
2016-03-30 , 47.059
2016-03-31 , 46.676
2016-04-01 , 49.273
2016-04-04 , 50.124
2016-04-05 , 49.706
2016-04-06 , 52.171
2016-04-07 , 53.579
2016-04-08 , 52.132
2016-04-11 , 50.999
2016-04-12 , 50.13
2016-04-13 , 50.401
2016-04-14 , 50.984
2016-04-15 , 50.591
2016-04-18 , 51.054
2016-04-19 , 50.749
2016-04-20 , 49.992
2016-04-21 , 49.989
2016-04-22 , 50.289
2016-04-25 , 51.039
2016-04-26 , 50.778
2016-04-27 , 50.775
2016-04-28 , 50.328
2016-04-29 , 49.657
2016-05-02 , 48.469
2016-05-03 , 47.627
2016-05-04 , 46.475
2016-05-05 , 45.71
2016-05-06 , 42.724
2016-05-09 , 43.187
2016-05-10 , 41.702
2016-05-11 , 42.307
2016-05-12 , 42.311
2016-05-13 , 41.898
2016-05-16 , 42.13
2016-05-17 , 41.887
2016-05-18 , 42.446
2016-05-19 , 43.041
2016-05-20 , 43.754
2016-05-23 , 44.247
2016-05-24 , 43.534
2016-05-25 , 43.927
2016-05-26 , 44.576
2016-05-27 , 45.092
2016-05-31 , 44.779
2016-06-01 , 44.388
2016-06-02 , 43.95
2016-06-03 , 44.194
2016-06-06 , 43.89
2016-06-07 , 45.668
2016-06-08 , 47.465
2016-06-09 , 47.031
2016-06-10 , 45.536
2016-06-13 , 44.527
2016-06-14 , 44.108
2016-06-15 , 43.885
2016-06-16 , 43.546
2016-06-17 , 43.78
2016-06-20 , 44.325
2016-06-21 , 44.325
2016-06-22 , 40.542
2016-06-23 , 39.324
2016-06-24 , 38.517
2016-06-27 , 38.967
2016-06-28 , 40.594
2016-06-29 , 41.691
2016-06-30 , 42.647
2016-07-01 , 42.438
2016-07-05 , 42.427
2016-07-06 , 42.523
2016-07-07 , 43.122
2016-07-08 , 43.761
2016-07-11 , 44.674
2016-07-12 , 45.16
2016-07-13 , 45.109
2016-07-14 , 44.806
2016-07-15 , 44.527
2016-07-18 , 44.673
2016-07-19 , 45.41
2016-07-20 , 45.627
2016-07-21 , 45.385
2016-07-22 , 44.649
2016-07-25 , 45.366
2016-07-26 , 45.769
2016-07-27 , 46.27
2016-07-28 , 45.871
2016-07-29 , 46.598
2016-08-01 , 47.213
2016-08-02 , 45.924
2016-08-03 , 45.707
2016-08-04 , 45.655
2016-08-05 , 46.2
2016-08-08 , 45.76
2016-08-09 , 45.836
2016-08-10 , 45.811
2016-08-11 , 45.374
2016-08-12 , 45.206
2016-08-15 , 45.552
2016-08-16 , 45.268
2016-08-17 , 44.916
2016-08-18 , 44.948
2016-08-19 , 44.871
2016-08-22 , 44.928
2016-08-23 , 45.281
2016-08-24 , 45.42
2016-08-25 , 44.691
2016-08-26 , 44.5
2016-08-29 , 44.055
2016-08-30 , 43.222
2016-08-31 , 42.303
2016-09-01 , 42.011
2016-09-02 , 40.553
2016-09-06 , 40.227
2016-09-07 , 41.2
2016-09-08 , 39.944
2016-09-09 , 39.901
2016-09-12 , 39.637
2016-09-13 , 39.555
2016-09-14 , 39.367
2016-09-15 , 39.901
2016-09-16 , 40.612
2016-09-19 , 41.643
2016-09-20 , 41.46
2016-09-21 , 41.337
2016-09-22 , 41.368
2016-09-23 , 41.617
2016-09-26 , 41.75
2016-09-27 , 41.963
2016-09-28 , 41.576
2016-09-29 , 41.293
2016-09-30 , 40.719
2016-10-03 , 42.797
2016-10-04 , 42.642
2016-10-05 , 42.539
2016-10-06 , 40.667
2016-10-07 , 40.232
2016-10-10 , 40.549
2016-10-11 , 40.405
2016-10-12 , 40.483
2016-10-13 , 40.14
2016-10-14 , 40.209
2016-10-17 , 39.544
2016-10-18 , 39.546
2016-10-19 , 40.64
2016-10-20 , 40.512
2016-10-21 , 40.017
2016-10-24 , 40.495
2016-10-25 , 40.759
2016-10-26 , 40.419
2016-10-27 , 42.504
2016-10-28 , 40.932
2016-10-31 , 40.498
2016-11-01 , 39.654
2016-11-02 , 38.275
2016-11-03 , 38.047
2016-11-04 , 38.246
2016-11-07 , 38.788
2016-11-08 , 39.128
2016-11-09 , 37.888
2016-11-10 , 38.266
2016-11-11 , 37.312
2016-11-14 , 37.625
2016-11-15 , 36.921
2016-11-16 , 36.738
2016-11-17 , 37.298
2016-11-18 , 38.365
2016-11-21 , 37.393
2016-11-22 , 37.731
2016-11-23 , 38.625
2016-11-25 , 39.088
2016-11-28 , 39.483
2016-11-29 , 39.229
2016-11-30 , 38.289
2016-12-01 , 37.678
2016-12-02 , 36.776
2016-12-05 , 37.14
2016-12-06 , 37.21
2016-12-07 , 37.955
2016-12-08 , 38.455
2016-12-09 , 38.471
2016-12-12 , 38.722
2016-12-13 , 39.446
2016-12-14 , 40.174
2016-12-15 , 39.915
2016-12-16 , 40.067
2016-12-19 , 40.694
2016-12-20 , 41.205
2016-12-21 , 42.068
2016-12-22 , 41.821
2016-12-23 , 42.145
2016-12-27 , 43.713
2016-12-28 , 44.533
2016-12-29 , 43.776
2016-12-30 , 43.38
2017-01-03 , 43.519
2017-01-04 , 44.275
2017-01-05 , 45.39
2017-01-06 , 45.724
2017-01-09 , 46.089
2017-01-10 , 46.4
2017-01-11 , 45.905
2017-01-12 , 45.976
2017-01-13 , 46.785
2017-01-17 , 47.666
2017-01-18 , 47.636
2017-01-19 , 49.593
2017-01-20 , 49.146
2017-01-23 , 49.674
2017-01-24 , 50.48
2017-01-25 , 51.577
2017-01-26 , 51.003
2017-01-27 , 50.438
2017-01-30 , 50.782
2017-01-31 , 50.513
2017-02-01 , 50.625
2017-02-02 , 50.076
2017-02-03 , 50.409
2017-02-06 , 50.882
2017-02-07 , 51.819
2017-02-08 , 52.071
2017-02-09 , 53.743
2017-02-10 , 54.074
2017-02-13 , 55.153
2017-02-14 , 56.642
2017-02-15 , 56.224
2017-02-16 , 55.76
2017-02-17 , 53.869
2017-02-21 , 55.685
2017-02-22 , 56.376
2017-02-23 , 52.866
2017-02-24 , 51.091
2017-02-27 , 49.653
2017-02-28 , 49.519
2017-03-01 , 50.903
2017-03-02 , 50.299
2017-03-03 , 50.264
2017-03-06 , 49.961
2017-03-07 , 50.581
2017-03-08 , 49.707
2017-03-09 , 49.629
2017-03-10 , 49.271
2017-03-13 , 49.167
2017-03-14 , 50.423
2017-03-15 , 51.8
2017-03-16 , 52.815
2017-03-17 , 52.933
2017-03-20 , 52.515
2017-03-21 , 52.763
2017-03-22 , 50.663
2017-03-23 , 51.306
2017-03-24 , 51.959
2017-03-27 , 53.117
2017-03-28 , 55.77
2017-03-29 , 55.794
2017-03-30 , 56.004
2017-03-31 , 55.841
2017-04-03 , 58.59
2017-04-04 , 60.17
2017-04-05 , 60.692
2017-04-06 , 59.882
2017-04-07 , 60.019
2017-04-10 , 62.288
2017-04-11 , 62.685
2017-04-12 , 61.479
2017-04-13 , 60.409
2017-04-17 , 60.67
2017-04-18 , 60.054
2017-04-19 , 60.908
2017-04-20 , 61.566
2017-04-21 , 60.84
2017-04-24 , 61.977
2017-04-25 , 62.198
2017-04-26 , 62.687
2017-04-27 , 62.478
2017-04-28 , 62.463
2017-05-01 , 64.213
2017-05-02 , 65.166
2017-05-03 , 63.92
2017-05-04 , 61.521
2017-05-05 , 60.655
2017-05-08 , 62.469
2017-05-09 , 63.137
2017-05-10 , 64.706
2017-05-11 , 64.94
2017-05-12 , 65.248
2017-05-15 , 63.858
2017-05-16 , 63.765
2017-05-17 , 62.902
2017-05-18 , 62.094
2017-05-19 , 63.2
2017-05-22 , 62.717
2017-05-23 , 62.119
2017-05-24 , 61.751
2017-05-25 , 62.799
2017-05-26 , 64.277
2017-05-30 , 66.228
2017-05-31 , 68.058
2017-06-01 , 68.888
2017-06-02 , 68.265
2017-06-05 , 68.694
2017-06-06 , 70.419
2017-06-07 , 71.684
2017-06-08 , 73.565
2017-06-09 , 75.129
2017-06-12 , 72.249
2017-06-13 , 74.362
2017-06-14 , 76.534
2017-06-15 , 74.796
2017-06-16 , 75.599
2017-06-19 , 75.17
2017-06-20 , 75.555
2017-06-21 , 75.134
2017-06-22 , 76.299
2017-06-23 , 76.944
2017-06-26 , 77.364
2017-06-27 , 75.28
2017-06-28 , 73.842
2017-06-29 , 74.161
2017-06-30 , 73.048
2017-07-03 , 74.159
2017-07-05 , 69.444
2017-07-06 , 63.805
2017-07-07 , 63.05
2017-07-10 , 63.084
2017-07-11 , 64.328
2017-07-12 , 66.35
2017-07-13 , 66.171
2017-07-14 , 65.161
2017-07-17 , 65.264
2017-07-18 , 64.663
2017-07-19 , 65.988
2017-07-20 , 65.712
2017-07-21 , 66.072
2017-07-24 , 67.364
2017-07-25 , 69.06
2017-07-26 , 68.586
2017-07-27 , 69.35
2017-07-28 , 67.649
2017-07-31 , 67.699
2017-08-01 , 64.745
2017-08-02 , 64.606
2017-08-03 , 69.533
2017-08-04 , 70.427
2017-08-07 , 71.683
2017-08-08 , 72.611
2017-08-09 , 73.1
2017-08-10 , 72.825
2017-08-11 , 71.823
2017-08-14 , 73.229
2017-08-15 , 73.069
2017-08-16 , 72.95
2017-08-17 , 72.451
2017-08-18 , 70.691
2017-08-21 , 69.164
2017-08-22 , 68.337
2017-08-23 , 69.248
2017-08-24 , 70.918
2017-08-25 , 70.993
2017-08-28 , 69.463
2017-08-29 , 68.853
2017-08-30 , 70.314
2017-08-31 , 71.199
2017-09-01 , 71.371
2017-09-05 , 70.929
2017-09-06 , 70.048
2017-09-07 , 69.846
2017-09-08 , 69.877
2017-09-11 , 71.506
2017-09-12 , 73.325
2017-09-13 , 73.189
2017-09-14 , 74.229
2017-09-15 , 75.451
2017-09-18 , 76.986
2017-09-19 , 76.239
2017-09-20 , 75.125
2017-09-21 , 75.173
2017-09-22 , 73.639
2017-09-25 , 71.062
2017-09-26 , 70.217
2017-09-27 , 70.139
2017-09-28 , 68.263
2017-09-29 , 68.654
2017-10-02 , 68.622
2017-10-03 , 68.445
2017-10-04 , 70.987
2017-10-05 , 71.344
2017-10-06 , 71.32
2017-10-09 , 70.14
2017-10-10 , 70.243
2017-10-11 , 71.149
2017-10-12 , 71.273
2017-10-13 , 71.547
2017-10-16 , 70.824
2017-10-17 , 70.713
2017-10-18 , 71.897
2017-10-19 , 71.271
2017-10-20 , 70.724
2017-10-23 , 69.983
2017-10-24 , 68.16
2017-10-25 , 67.42
2017-10-26 , 65.801
2017-10-27 , 64.434
2017-10-30 , 64.296
2017-10-31 , 65.218
2017-11-01 , 66.486
2017-11-02 , 60.882
2017-11-03 , 60.575
2017-11-06 , 61.45
2017-11-07 , 60.752
2017-11-08 , 61.239
2017-11-09 , 60.696
2017-11-10 , 61.086
2017-11-13 , 61.693
2017-11-14 , 63.135
2017-11-15 , 61.85
2017-11-16 , 63.213
2017-11-17 , 65.234
2017-11-20 , 62.929
2017-11-21 , 62.909
2017-11-22 , 63.419
2017-11-24 , 63.02
2017-11-27 , 63.059
2017-11-28 , 63.636
2017-11-29 , 63.53
2017-11-30 , 61.926
2017-12-01 , 61.576
2017-12-04 , 61.477
2017-12-05 , 61
2017-12-06 , 61.349
2017-12-07 , 63.063
2017-12-08 , 63.158
2017-12-11 , 64.364
2017-12-12 , 67.189
2017-12-13 , 68.515
2017-12-14 , 68.845
2017-12-15 , 68.594
2017-12-18 , 69.163
2017-12-19 , 68.175
2017-12-20 , 66.579
2017-12-21 , 66.333
2017-12-22 , 66.043
2017-12-26 , 64.777
2017-12-27 , 63.368
2017-12-28 , 62.757
2017-12-29 , 63.259
2018-01-02 , 63.411
2018-01-03 , 64.625
2018-01-04 , 63.142
2018-01-05 , 63.386
2018-01-08 , 65.302
2018-01-09 , 67.396
2018-01-10 , 66.92
2018-01-11 , 68.005
2018-01-12 , 67.904
2018-01-16 , 68.254
2018-01-17 , 68.947
2018-01-18 , 69.797
2018-01-19 , 69.559
2018-01-22 , 70.723
2018-01-23 , 72.05
2018-01-24 , 70.933
2018-01-25 , 69.747
2018-01-26 , 68.55
2018-01-29 , 69.07
2018-01-30 , 69.341
2018-01-31 , 70.37
2018-02-01 , 71.066
2018-02-02 , 70.039
2018-02-05 , 68.244
2018-02-06 , 66.143
2018-02-07 , 68.499
2018-02-08 , 69.193
2018-02-09 , 64.091
2018-02-12 , 63.421
2018-02-13 , 63.921
2018-02-14 , 64.701
2018-02-15 , 65.862
2018-02-16 , 67.562
2018-02-20 , 67.531
2018-02-21 , 67.572
2018-02-22 , 68.297
2018-02-23 , 70.282
2018-02-26 , 71.25
2018-02-27 , 71.624
2018-02-28 , 70.781
2018-03-01 , 69.368
2018-03-02 , 66.22
2018-03-05 , 67.014
2018-03-06 , 67.012
2018-03-07 , 65.794
2018-03-08 , 66.616
2018-03-09 , 65.259
2018-03-12 , 67.582
2018-03-13 , 67.582
2018-03-14 , 67.657
2018-03-15 , 66.223
2018-03-16 , 65.033
2018-03-19 , 63.725
2018-03-20 , 63.112
2018-03-21 , 63.269
2018-03-22 , 63.271
2018-03-23 , 62.25
2018-03-26 , 61.493
2018-03-27 , 60.827
2018-03-28 , 53.326
2018-03-29 , 52.745
2018-04-02 , 51.659
2018-04-03 , 54.317
2018-04-04 , 54.115
2018-04-05 , 59.56
2018-04-06 , 61.028
2018-04-09 , 60.987
2018-04-10 , 60.607
2018-04-11 , 60.972
2018-04-12 , 60.627
2018-04-13 , 60.755
2018-04-16 , 59.866
2018-04-17 , 58.104
2018-04-18 , 59.132
2018-04-19 , 59.209
2018-04-20 , 59.515
2018-04-23 , 58.291
2018-04-24 , 57.209
2018-04-25 , 56.866
2018-04-26 , 56.454
2018-04-27 , 57.984
2018-04-30 , 59.234
2018-05-01 , 59.433
2018-05-02 , 60.542
2018-05-03 , 56.683
2018-05-04 , 57.986
2018-05-07 , 60.346
2018-05-08 , 60.855
2018-05-09 , 60.742
2018-05-10 , 62.049
2018-05-11 , 61.658
2018-05-14 , 60.826
2018-05-15 , 57.197
2018-05-16 , 57.264
2018-05-17 , 57.509
2018-05-18 , 56.93
2018-05-21 , 57.282
2018-05-22 , 57.576
2018-05-23 , 55.767
2018-05-24 , 55.951
2018-05-25 , 55.727
2018-05-29 , 56.501
2018-05-30 , 57.83
2018-05-31 , 57.758
2018-06-01 , 57.781
2018-06-04 , 59.334
2018-06-05 , 59.55
2018-06-06 , 62.267
2018-06-07 , 64.615
2018-06-08 , 64.348
2018-06-11 , 65.717
2018-06-12 , 69.967
2018-06-13 , 69.391
2018-06-14 , 70.638
2018-06-15 , 71.851
2018-06-18 , 72.913
2018-06-19 , 73.516
2018-06-20 , 72.242
2018-06-21 , 72.821
2018-06-22 , 70.379
2018-06-25 , 66.859
2018-06-26 , 67.96
2018-06-27 , 69.579
2018-06-28 , 70.568
2018-06-29 , 70.719
2018-07-02 , 72.485
2018-07-03 , 66.424
2018-07-05 , 62.815
2018-07-06 , 61.702
2018-07-09 , 63.051
2018-07-10 , 65.224
2018-07-11 , 63.774
2018-07-12 , 64.466
2018-07-13 , 63.516
2018-07-16 , 62.687
2018-07-17 , 63.355
2018-07-18 , 65.05
2018-07-19 , 63.987
2018-07-20 , 64.447
2018-07-23 , 60.734
2018-07-24 , 61.214
2018-07-25 , 60.636
2018-07-26 , 61.555
2018-07-27 , 61.494
2018-07-30 , 59.2
2018-07-31 , 59.057
2018-08-01 , 60.099
2018-08-02 , 67.843
2018-08-03 , 70.281
2018-08-06 , 70.044
2018-08-07 , 73.13
2018-08-08 , 75.173
2018-08-09 , 73.256
2018-08-10 , 71.4
2018-08-13 , 72.432
2018-08-14 , 71.765
2018-08-15 , 68.64
2018-08-16 , 68.219
2018-08-17 , 65.027
2018-08-20 , 60.02
2018-08-21 , 63.54
2018-08-22 , 64.475
2018-08-23 , 64.646
2018-08-24 , 64.455
2018-08-27 , 64.044
2018-08-28 , 63.729
2018-08-29 , 62.212
2018-08-30 , 60.686
2018-08-31 , 60.731
2018-09-04 , 59.513
2018-09-05 , 57.183
2018-09-06 , 57.597
2018-09-07 , 52.845
2018-09-10 , 55.929
2018-09-11 , 56.147
2018-09-12 , 57.394
2018-09-13 , 58.302
2018-09-14 , 58.609
2018-09-17 , 59.091
2018-09-18 , 59.933
2018-09-19 , 58.051
2018-09-20 , 60.954
2018-09-21 , 59.828
2018-09-24 , 60.148
2018-09-25 , 60.46
2018-09-26 , 61.58
2018-09-27 , 62.786
2018-09-28 , 54.826
2018-10-01 , 61.721
2018-10-02 , 63.079
2018-10-03 , 60.793
2018-10-04 , 58.795
2018-10-05 , 54.953
2018-10-08 , 53.228
2018-10-09 , 52.202
2018-10-10 , 53.012
2018-10-11 , 51.978
2018-10-12 , 52.299
2018-10-15 , 52.234
2018-10-16 , 54.308
2018-10-17 , 56.51
2018-10-18 , 54.029
2018-10-19 , 53.705
2018-10-22 , 52.254
2018-10-23 , 56.18
2018-10-24 , 60.549
2018-10-25 , 63.822
2018-10-26 , 64.815
2018-10-29 , 68.463
2018-10-30 , 66.629
2018-10-31 , 67.454
2018-11-01 , 68.61
2018-11-02 , 69.294
2018-11-05 , 68.446
2018-11-06 , 68.787
2018-11-07 , 69.452
2018-11-08 , 70.608
2018-11-09 , 70.3
2018-11-12 , 69.815
2018-11-13 , 67.786
2018-11-14 , 68.981
2018-11-15 , 69.091
2018-11-16 , 70.089
2018-11-19 , 72.309
2018-11-20 , 69.155
2018-11-21 , 70.51
2018-11-23 , 67.185
2018-11-26 , 67.122
2018-11-27 , 68.701
2018-11-28 , 69.427
2018-11-29 , 69.45
2018-11-30 , 69.343
2018-12-03 , 72.6
2018-12-04 , 72.473
2018-12-06 , 72.339
2018-12-07 , 74.849
2018-12-10 , 72.598
2018-12-11 , 74.208
2018-12-12 , 74.133
2018-12-13 , 74.759
2018-12-14 , 75.287
2018-12-17 , 72.77
2018-12-18 , 70.209
2018-12-19 , 68.461
2018-12-20 , 65.734
2018-12-21 , 64.087
2018-12-24 , 62.8
2018-12-26 , 62.697
2018-12-27 , 64.201
2018-12-28 , 65.934
2018-12-31 , 67.7
2019-01-02 , 62.123
2019-01-03 , 61.64
2019-01-04 , 62.4
2019-01-07 , 65.846
2019-01-08 , 68.597
2019-01-09 , 67.9
2019-01-10 , 67.979
2019-01-11 , 69.05
2019-01-14 , 68.488
2019-01-15 , 68.38
2019-01-16 , 69.678
2019-01-17 , 69.771
2019-01-18 , 65.013
2019-01-22 , 61.282
2019-01-23 , 58.7
2019-01-24 , 57.671
2019-01-25 , 59.291
2019-01-28 , 59.037
2019-01-29 , 59.383
2019-01-30 , 60.945
2019-01-31 , 61.256
2019-02-01 , 62.152
2019-02-04 , 62.828
2019-02-05 , 63.493
2019-02-06 , 64.383
2019-02-07 , 62.8
2019-02-08 , 61.428
2019-02-11 , 63.02
2019-02-12 , 63.439
2019-02-13 , 62.51
2019-02-14 , 61.015
2019-02-15 , 61.25
2019-02-19 , 61.81
2019-02-20 , 61.071
2019-02-21 , 60.505
2019-02-22 , 59.099
2019-02-25 , 60.081
2019-02-26 , 59.423
2019-02-27 , 61.808
2019-02-28 , 63.892
2019-03-01 , 61.407
2019-03-04 , 59.712
2019-03-05 , 56.6
2019-03-06 , 55.799
2019-03-07 , 56.354
2019-03-08 , 56.25
2019-03-11 , 57.48
2019-03-12 , 57.456
2019-03-13 , 57.589
2019-03-14 , 58.784
2019-03-15 , 56.723
2019-03-18 , 55.405
2019-03-19 , 54.08
2019-03-20 , 54.466
2019-03-21 , 54.905
2019-03-22 , 54.538
2019-03-25 , 52.289
2019-03-26 , 53.47
2019-03-27 , 54.412
2019-03-28 , 55.749
2019-03-29 , 55.886
2019-04-01 , 57.182
2019-04-02 , 57.774
2019-04-03 , 58.349
2019-04-04 , 53.309
2019-04-05 , 54.596
2019-04-08 , 55.885
2019-04-09 , 54.665
2019-04-10 , 55.512
2019-04-11 , 53.88
2019-04-12 , 54.217
2019-04-15 , 53.751
2019-04-16 , 54.075
2019-04-17 , 54.954
2019-04-18 , 54.607
2019-04-22 , 53.868
2019-04-23 , 52.575
2019-04-24 , 52.917
2019-04-25 , 51.4
2019-04-26 , 49.318
2019-04-29 , 47.984
2019-04-30 , 48.627
2019-05-01 , 47.885
2019-05-02 , 49.265
2019-05-03 , 50.047
2019-05-06 , 50.837
2019-05-07 , 51.401
2019-05-08 , 49.754
2019-05-09 , 48.568
2019-05-10 , 48.174
2019-05-13 , 46.448
2019-05-14 , 46.38
2019-05-15 , 46.176
2019-05-16 , 46.049
2019-05-17 , 44.42
2019-05-20 , 40.88
2019-05-21 , 40.516
2019-05-22 , 40.304
2019-05-23 , 39.381
2019-05-24 , 39.981
2019-05-28 , 38.62
2019-05-29 , 37.949
2019-05-30 , 38.101
2019-05-31 , 37.502
2019-06-03 , 37.219
2019-06-04 , 37.508
2019-06-05 , 39.996
2019-06-06 , 41.544
2019-06-07 , 41.584
2019-06-10 , 42.719
2019-06-11 , 44.004
2019-06-12 , 44.633
2019-06-13 , 42.528
2019-06-14 , 42.79
2019-06-17 , 44.248
2019-06-18 , 46.346
2019-06-19 , 45.288
2019-06-20 , 44.99
2019-06-21 , 43.84
2019-06-24 , 44.91
2019-06-25 , 44.973
2019-06-26 , 44.754
2019-06-27 , 44.235
2019-06-28 , 44.616
2019-07-01 , 46.331
2019-07-02 , 45.804
2019-07-03 , 48.096
2019-07-05 , 47.002
2019-07-08 , 46.349
2019-07-09 , 45.997
2019-07-10 , 47.309
2019-07-11 , 47.964
2019-07-12 , 48.513
2019-07-15 , 50.242
2019-07-16 , 50.283
2019-07-17 , 51.398
2019-07-18 , 51.08
2019-07-19 , 51.565
2019-07-22 , 52.09
2019-07-23 , 51.719
2019-07-24 , 52.524
2019-07-25 , 46.8
2019-07-26 , 45.718
2019-07-29 , 46.303
2019-07-30 , 47.626
2019-07-31 , 48.968
2019-08-01 , 48.716
2019-08-02 , 46.762
2019-08-05 , 46.097
2019-08-06 , 46.438
2019-08-07 , 46.007
2019-08-08 , 47.425
2019-08-09 , 47.501
2019-08-12 , 46.876
2019-08-13 , 46.481
2019-08-14 , 46.271
2019-08-15 , 44.242
2019-08-16 , 43.89
2019-08-19 , 45.204
2019-08-20 , 45.671
2019-08-21 , 44.523
2019-08-22 , 44.82
2019-08-23 , 44.114
2019-08-26 , 42.862
2019-08-27 , 43.454
2019-08-28 , 43.094
2019-08-29 , 44.24
2019-08-30 , 46.159
2019-09-03 , 45.303
2019-09-04 , 45.535
2019-09-05 , 45.23
2019-09-06 , 45.684
2019-09-09 , 46.376
2019-09-10 , 46.634
2019-09-11 , 48.555
2019-09-12 , 50.12
2019-09-13 , 49.541
2019-09-16 , 49.343
2019-09-17 , 48.807
2019-09-18 , 49.317
2019-09-19 , 49.394
2019-09-20 , 49.344
2019-09-23 , 48.518
2019-09-24 , 48.351
2019-09-25 , 45.354
2019-09-26 , 47.397
2019-09-27 , 49.091
2019-09-30 , 48.698
2019-10-01 , 48.745
2019-10-02 , 48.794
2019-10-03 , 46.634
2019-10-04 , 46.639
2019-10-07 , 46.836
2019-10-08 , 47.981
2019-10-09 , 48.862
2019-10-10 , 49.456
2019-10-11 , 49.823
2019-10-14 , 50.645
2019-10-15 , 51.77
2019-10-16 , 51.949
2019-10-17 , 52.728
2019-10-18 , 52.35
2019-10-21 , 51.783
2019-10-22 , 51.265
2019-10-23 , 51.064
2019-10-24 , 60.33
2019-10-25 , 62.772
2019-10-28 , 66.838
2019-10-29 , 64.429
2019-10-30 , 63.179
2019-10-31 , 63.21
2019-11-01 , 63.28
2019-11-04 , 63.674
2019-11-05 , 64.313
2019-11-06 , 64.472
2019-11-07 , 67.064
2019-11-08 , 67.196
2019-11-11 , 69.314
2019-11-12 , 69.727
2019-11-13 , 71.133
2019-11-14 , 69.995
2019-11-15 , 70.344
2019-11-18 , 70.607
2019-11-19 , 71.174
2019-11-20 , 72.12
2019-11-21 , 71.535
2019-11-22 , 68.116
2019-11-25 , 68.889
2019-11-26 , 67.077
2019-11-27 , 66.505
2019-11-29 , 66.237
2019-12-02 , 66.578
2019-12-03 , 67.053
2019-12-04 , 67.561
2019-12-05 , 66.725
2019-12-06 , 67.386
2019-12-09 , 68.104
2019-12-10 , 69.069
2019-12-11 , 70.907
2019-12-12 , 71.766
2019-12-13 , 72.626
2019-12-16 , 74.616
2019-12-17 , 76.449
2019-12-18 , 77.585
2019-12-19 , 80.417
2019-12-20 , 82.329
2019-12-23 , 83.379
2019-12-24 , 84.383
2019-12-26 , 86.139
2019-12-27 , 87.031
2019-12-30 , 85.779
2019-12-31 , 82.629
2020-01-02 , 85.52
2020-01-03 , 89.45
2020-01-06 , 89.203
2020-01-07 , 93.303
2020-01-08 , 97.219
2020-01-09 , 99.59
2020-01-10 , 96.673
2020-01-13 , 101.913
2020-01-14 , 109.167
2020-01-15 , 106.76
2020-01-16 , 100.821
2020-01-17 , 102.328
2020-01-21 , 107.883
2020-01-22 , 116.639
2020-01-23 , 114.625
2020-01-24 , 114.449
2020-01-27 , 110.643
2020-01-28 , 114.53
2020-01-29 , 116.549
2020-01-30 , 128.33
2020-01-31 , 129.3
2020-02-03 , 145.983
2020-02-04 , 185.195
2020-02-05 , 166.924
2020-02-06 , 149.575
2020-02-07 , 150.03
2020-02-10 , 161.999
2020-02-11 , 155.23
2020-02-12 , 156.762
2020-02-13 , 155.984
2020-02-14 , 160.019
2020-02-18 , 170.16
2020-02-19 , 186.828
2020-02-20 , 182.395
2020-02-21 , 182.004
2020-02-24 , 170.25
2020-02-25 , 170.56
2020-02-26 , 159.581
2020-02-27 , 146.977
2020-02-28 , 132.022
2020-03-02 , 145.495
2020-03-03 , 161.198
2020-03-04 , 153.048
2020-03-05 , 146.952
2020-03-06 , 139.7
2020-03-09 , 126.839
2020-03-10 , 132.743
2020-03-11 , 129.378
2020-03-12 , 117.539
2020-03-13 , 120.257
2020-03-16 , 96.437
2020-03-17 , 91.186
2020-03-18 , 79.386
2020-03-19 , 82.67
2020-03-20 , 91.52
2020-03-23 , 87.56
2020-03-24 , 99.099
2020-03-25 , 110.225
2020-03-26 , 110.739
2020-03-27 , 103.08
2020-03-30 , 102.691
2020-03-31 , 104.421
2020-04-01 , 101.795
2020-04-02 , 97.529
2020-04-03 , 102.499
2020-04-06 , 103.22
2020-04-07 , 111
2020-04-08 , 111.141
2020-04-09 , 113.727
2020-04-13 , 124.216
2020-04-14 , 144.085
2020-04-15 , 149.513
2020-04-16 , 147.639
2020-04-17 , 154.723
2020-04-20 , 149.827
2020-04-21 , 148.345
2020-04-22 , 143.798
2020-04-23 , 146.16
2020-04-24 , 144.154
2020-04-27 , 153.71
2020-04-28 , 160.064
2020-04-29 , 159.337
2020-04-30 , 172.501
2020-05-01 , 152.777
2020-05-04 , 146.3
2020-05-05 , 158.871
2020-05-06 , 156.63
2020-05-07 , 157.361
2020-05-08 , 161.777
2020-05-11 , 161.451
2020-05-12 , 167.029
2020-05-13 , 164.683
2020-05-14 , 158.336
2020-05-15 , 159.54
2020-05-18 , 166.25
2020-05-19 , 163.724
2020-05-20 , 164.65
2020-05-21 , 164.85
2020-05-22 , 165.395
2020-05-26 , 166.91
2020-05-27 , 164.857
2020-05-28 , 163.826
2020-05-29 , 164.375
2020-06-01 , 175.7
2020-06-02 , 180.336
2020-06-03 , 178.606
2020-06-04 , 178.563
2020-06-05 , 176.436
2020-06-08 , 186.9
2020-06-09 , 189.445
2020-06-10 , 201.936
2020-06-11 , 200.916
2020-06-12 , 196.798
2020-06-15 , 191.663
2020-06-16 , 202.473
2020-06-17 , 199.271
2020-06-18 , 202.22
2020-06-19 , 202.875
2020-06-22 , 200.883
2020-06-23 , 201.088
2020-06-24 , 199.499
2020-06-25 , 194.025
2020-06-26 , 198.978
2020-06-29 , 197.901
2020-06-30 , 209.419
2020-07-01 , 221.833
2020-07-02 , 244.948
2020-07-06 , 265.448
2020-07-07 , 283.451
2020-07-08 , 282.226
2020-07-09 , 280.555
2020-07-10 , 294.492
2020-07-13 , 345.399
2020-07-14 , 314.6
2020-07-15 , 309.3
2020-07-16 , 300.887
2020-07-17 , 305.096
2020-07-20 , 316.901
2020-07-21 , 331.493
2020-07-22 , 322.542
2020-07-23 , 336.795
2020-07-24 , 288.101
2020-07-27 , 298.294
2020-07-28 , 306.87
2020-07-29 , 303.581
2020-07-30 , 300.124
2020-07-31 , 303.205
2020-08-03 , 295.901
2020-08-04 , 302.242
2020-08-05 , 299.283
2020-08-06 , 300.814
2020-08-07 , 299.929
2020-08-10 , 290.55
2020-08-11 , 281.6
2020-08-12 , 305.5
2020-08-13 , 326.218
2020-08-14 , 333.379
2020-08-17 , 352.286
2020-08-18 , 382.289
2020-08-19 , 377.6
2020-08-20 , 388.267
2020-08-21 , 414.025
2020-08-24 , 425.528
2020-08-25 , 400.284
2020-08-26 , 422.6
2020-08-27 , 447.606
2020-08-28 , 461.361
2020-08-31 , 472.375
2020-09-01 , 502.315
2020-09-02 , 479.015
2020-09-03 , 419.515
2020-09-04 , 415.405
2020-09-08 , 362.37
2020-09-09 , 362.8
2020-09-10 , 392.6
2020-09-11 , 382.22
2020-09-14 , 400.475
2020-09-15 , 449.25
2020-09-16 , 448.83
2020-09-17 , 426.695
2020-09-18 , 449.47
2020-09-21 , 454.405
2020-09-22 , 433.68
2020-09-23 , 408.655
2020-09-24 , 381.65
2020-09-25 , 401.1
2020-09-28 , 426.35
2020-09-29 , 422.25
2020-09-30 , 427.625
2020-10-01 , 444.82
2020-10-02 , 430.26
2020-10-05 , 428.495
2020-10-06 , 426.285
2020-10-07 , 424.885
2020-10-08 , 438.72
2020-10-09 , 432.36
2020-10-12 , 445.37
2020-10-13 , 446.12
2020-10-14 , 457.84
2020-10-15 , 453.44
2020-10-16 , 455.195
2020-10-19 , 446.62
2020-10-20 , 431.75
2020-10-21 , 427.825
2020-10-22 , 443.575
2020-10-23 , 422.365
2020-10-26 , 418.695
2020-10-27 , 427.13
2020-10-28 , 417.54
2020-10-29 , 414.01
2020-10-30 , 407.245
2020-11-02 , 400.49
2020-11-03 , 418.75
2020-11-04 , 433.01
2020-11-05 , 434.15
2020-11-06 , 436.335
2020-11-09 , 446
2020-11-10 , 420.09
2020-11-11 , 417.575
2020-11-12 , 419.025
2020-11-13 , 411.69
2020-11-16 , 410.69
2020-11-17 , 461.085
2020-11-18 , 472.175
2020-11-19 , 500.305
2020-11-20 , 500.245
2020-11-23 , 514.75
2020-11-24 , 550.195
2020-11-25 , 562.03
2020-11-27 , 589.97
2020-11-30 , 605.005
2020-12-01 , 597.72
2020-12-02 , 563.99
2020-12-03 , 594.495
2020-12-04 , 595.025
2020-12-07 , 626.855
2020-12-08 , 638.395
2020-12-09 , 654.005
2020-12-10 , 601.06
2020-12-11 , 619.505
2020-12-14 , 630.875
2020-12-15 , 645.09
2020-12-16 , 630.365
2020-12-17 , 643.505
2020-12-18 , 681.95
2020-12-21 , 667.37
2020-12-22 , 648.94
2020-12-23 , 641.85
2020-12-24 , 654.54
2020-12-28 , 677.955
2020-12-29 , 665.45
2020-12-30 , 684.3
2020-12-31 , 709.355
2021-01-04 , 731.975
2021-01-05 , 732.25
2021-01-06 , 766.245
2021-01-07 , 797.31
2021-01-08 , 870.245
2021-01-11 , 851.915
2021-01-12 , 849.5
2021-01-13 , 856.615
2021-01-14 , 853.195
2021-01-15 , 855.95
2021-01-19 , 843.9
2021-01-20 , 859.12
2021-01-21 , 855.36
2021-01-22 , 841.155
2021-01-25 , 877.7
2021-01-26 , 893.64
2021-01-27 , 880.925
2021-01-28 , 834
2021-01-29 , 836.205
2021-02-01 , 828.145
2021-02-02 , 862.59
2021-02-03 , 877.55
2021-02-04 , 855.75
2021-02-05 , 854.885
2021-02-08 , 873.72
2021-02-09 , 857.46
2021-02-10 , 844.23
2021-02-11 , 821.16
2021-02-12 , 809.295
2021-02-16 , 819.5
2021-02-17 , 789.465
2021-02-18 , 787.795
2021-02-19 , 795.895
2021-02-22 , 765.57
2021-02-23 , 687.87
2021-02-24 , 728.425
2021-02-25 , 731.68
2021-02-26 , 703.35
2021-03-01 , 704.555
2021-03-02 , 719.695
2021-03-03 , 694.345
2021-03-04 , 662.125
2021-03-05 , 626.95
2021-03-08 , 610.34
2021-03-09 , 643.135
2021-03-10 , 709.075
2021-03-11 , 700.95
2021-03-12 , 682.44
2021-03-15 , 703.635
2021-03-16 , 705.635
2021-03-17 , 680.3
2021-03-18 , 686.76
2021-03-19 , 651.915
2021-03-22 , 692.105
2021-03-23 , 676.785
2021-03-24 , 667.965
2021-03-25 , 629.25
2021-03-26 , 642.845
2021-03-29 , 616.06
2021-03-30 , 619.705
2021-03-31 , 659.31
2021-04-01 , 690.395
2021-04-05 , 707.935
2021-04-06 , 693.425
2021-04-07 , 689.19
2021-04-08 , 683.465
2021-04-09 , 679.37
2021-04-12 , 695.25
2021-04-13 , 737.85
2021-04-14 , 775.745
2021-04-15 , 743.395
2021-04-16 , 739.03
2021-04-19 , 722.5
2021-04-20 , 727.335
2021-04-21 , 724.805
2021-04-22 , 747.635
2021-04-23 , 728.58
2021-04-26 , 745.15
2021-04-27 , 720.98
2021-04-28 , 702.455
2021-04-29 , 700.88
2021-04-30 , 691.53
2021-05-03 , 704.9
2021-05-04 , 681.195
2021-05-05 , 683.18
2021-05-06 , 680.89
2021-05-07 , 677.9
2021-05-10 , 664.975
2021-05-11 , 613.17
2021-05-12 , 611.45
2021-05-13 , 604
2021-05-14 , 588.14
2021-05-17 , 582.64
2021-05-18 , 582.125
2021-05-19 , 559.38
2021-05-20 , 581.925
2021-05-21 , 596.395
2021-05-24 , 598.04
2021-05-25 , 610.65
2021-05-26 , 616.865
2021-05-27 , 625.685
2021-05-28 , 632.045
2021-06-01 , 630.8
2021-06-02 , 621.745
2021-06-03 , 603.175
2021-06-04 , 590.16
2021-06-07 , 600.915
2021-06-08 , 623.05
2021-06-09 , 606.98
2021-06-10 , 610.235
2021-06-11 , 611.395
2021-06-14 , 618.86
2021-06-15 , 616.74
2021-06-16 , 603.02
2021-06-17 , 611.68
2021-06-18 , 620.86
2021-06-21 , 627.935
2021-06-22 , 623.41
2021-06-23 , 644.6
2021-06-24 , 686.305
2021-06-25 , 691.695
2021-06-28 , 683.17
2021-06-29 , 686.08
2021-06-30 , 686.29
2021-07-01 , 685.955
2021-07-02 , 689.49
2021-07-06 , 682.855
2021-07-07 , 664.985
2021-07-08 , 641.4
2021-07-09 , 656.045
2021-07-12 , 674.72
2021-07-13 , 689.8
2021-07-14 , 674.68
2021-07-15 , 662.265
2021-07-16 , 655.69
2021-07-19 , 638.545
2021-07-20 , 657.19
2021-07-21 , 662.235
2021-07-22 , 659.305
2021-07-23 , 647.58
2021-07-26 , 659.585
2021-07-27 , 664.95
2021-07-28 , 650.985
2021-07-29 , 666.74
2021-07-30 , 684.645
2021-08-02 , 713.47
2021-08-03 , 720.825
2021-08-04 , 717.95
2021-08-05 , 718.475
2021-08-06 , 714.115
2021-08-09 , 714.6
2021-08-10 , 715.29
2021-08-11 , 713.945
2021-08-12 , 714.57
2021-08-13 , 726.805
2021-08-16 , 707.285
2021-08-17 , 673.62
2021-08-18 , 682.76
2021-08-19 , 682.38
2021-08-20 , 687.49
2021-08-23 , 698.785
2021-08-24 , 712.95
2021-08-25 , 712
2021-08-26 , 711.855
2021-08-27 , 710
2021-08-30 , 722.86
2021-08-31 , 736.695
2021-09-01 , 738.035
2021-09-02 , 737.735
2021-09-03 , 733.125
2021-09-07 , 750.1
2021-09-08 , 763.015
2021-09-09 , 757.755
2021-09-10 , 761.105
2021-09-13 , 742.495
2021-09-14 , 748.52
2021-09-15 , 750.93
2021-09-16 , 755.87
2021-09-17 , 759.095
2021-09-20 , 738.28
2021-09-21 , 739.765
2021-09-22 , 748.6
2021-09-23 , 756.6
2021-09-24 , 760.345
2021-09-27 , 786.06
2021-09-28 , 791.42
2021-09-29 , 786.65
2021-09-30 , 785.065
2021-10-01 , 779.59
2021-10-04 , 801.735
2021-10-05 , 791.055
2021-10-06 , 781.43
2021-10-07 , 795.23
2021-10-08 , 796.295
2021-10-11 , 794.445
2021-10-12 , 806.625
2021-10-13 , 812.94
2021-10-14 , 817.87
2021-10-15 , 833.475
2021-10-18 , 863.525
2021-10-19 , 877.74
2021-10-20 , 867.42
2021-10-21 , 878
2021-10-22 , 902.75
2021-10-25 , 997.775
2021-10-26 , 1059.81
2021-10-27 , 1055.27
2021-10-28 , 1074.66
2021-10-29 , 1098.53
2021-11-01 , 1177.38
2021-11-02 , 1183.97
2021-11-03 , 1196.36
2021-11-04 , 1238.95
2021-11-05 , 1233.93
2021-11-08 , 1173.4
2021-11-09 , 1174.05
2021-11-10 , 1044.25
2021-11-11 , 1103.87
2021-11-12 , 1051
2021-11-15 , 1024.8
2021-11-16 , 1030.25
2021-11-17 , 1091.58
2021-11-18 , 1109.28
2021-11-19 , 1118.79
2021-11-22 , 1182.14
2021-11-23 , 1174.01
2021-11-24 , 1106.58
2021-11-26 , 1104.12
2021-11-29 , 1121.83
2021-11-30 , 1156.18
2021-12-01 , 1166.77
2021-12-02 , 1106.03
2021-12-03 , 1087.68
2021-12-06 , 1011.58
2021-12-07 , 1050.93
2021-12-08 , 1062.54
2021-12-09 , 1061.57
2021-12-10 , 1014.86
2021-12-13 , 1003.05
2021-12-14 , 955.705
2021-12-15 , 965.98
2021-12-16 , 994.74
2021-12-17 , 937.715
2021-12-20 , 916.195
2021-12-21 , 928.185
2021-12-22 , 990.66
2021-12-23 , 1039.89
2021-12-27 , 1095.34
2021-12-28 , 1114.24
2021-12-29 , 1101.32
2021-12-30 , 1078.44
2021-12-31 , 1077.72
2022-01-03 , 1174.41
2022-01-04 , 1198.78
2022-01-05 , 1158.49
2022-01-06 , 1082.5
2022-01-07 , 1080.65
2022-01-10 , 1029.55
2022-01-11 , 1064.76
2022-01-12 , 1096.84
2022-01-13 , 1112.33
2022-01-14 , 1035.94
2022-01-18 , 1048.7
2022-01-19 , 1048.19
2022-01-20 , 1025.7
2022-01-21 , 1000.45
2022-01-24 , 919.135
2022-01-25 , 932.73
2022-01-26 , 970.06
2022-01-27 , 934.375
2022-01-28 , 844.53
2022-01-31 , 905.35
2022-02-01 , 939.455
2022-02-02 , 929.84
2022-02-03 , 909.5
2022-02-04 , 916.86
2022-02-07 , 935.78
2022-02-08 , 915.91
2022-02-09 , 940.635
2022-02-10 , 926.09
2022-02-11 , 912.795
2022-02-14 , 880.225
2022-02-15 , 911.5
2022-02-16 , 920.24
2022-02-17 , 915.88
2022-02-18 , 886.435
2022-02-22 , 845.43
2022-02-23 , 832.865
2022-02-24 , 751.435
2022-02-25 , 814.365
2022-02-28 , 845.935
2022-03-01 , 879.78
2022-03-02 , 879.305
2022-03-03 , 882.605
2022-03-04 , 852.375
2022-03-07 , 861.22
2022-03-08 , 822.76
2022-03-09 , 850.02
2022-03-10 , 852.95
2022-03-11 , 842
2022-03-14 , 790.655
2022-03-15 , 790.42
2022-03-16 , 825.5
2022-03-17 , 852.995
2022-03-18 , 891.17
2022-03-21 , 928.915
2022-03-22 , 963.93
2022-03-23 , 1010.32
2022-03-24 , 1017.11
